Document Name,Cosine Similarity,Rank
14,0.8179574177523186,1
145,0.8179574177523186,2
442,0.7976248275589412,3
210,0.6031539061148238,4
34,0.6031539061148238,5
314,0.5752787695925858,6
341,0.5752787695925858,7
436,0.5752787695925858,8
141,0.5752787695925857,9
373,0.5525031246920431,10
423,0.5525031246920431,11
64,0.5525031246920431,12
