Document Name,Cosine Similarity,Rank
14,0.7317614026726172,1
145,0.7317614026726172,2
477,0.6815608920401786,3
210,0.5295249138366575,4
34,0.5295249138366575,5
173,0.5050525874279596,6
423,0.5050525874279596,7
64,0.5050525874279596,8
